{
  "career": {
    "mu": 0.9821749340623455,
    "sigma": 0.8840008841493008,
    "median": 2.670257565028374,
    "n": 1309.0
  },
  "volunteer": {
    "mu": 0.5887143981690045,
    "sigma": 1.5819460116013566,
    "median": 1.8016706947401095,
    "n": 15.0
  },
  "county": {
    "mu": 0.9821749340623455,
    "sigma": 0.8840008841493008,
    "median": 2.670257565028374,
    "n": 1309.0
  },
  "_diagnostics": {
    "total_rows": 5791,
    "kept": 1324,
    "by_dept": {
      "Watertown": {
        "n": 598,
        "median": 2.9803333333333333
      },
      "Fort Atkinson": {
        "n": 163,
        "median": 2.6471666666666667
      },
      "Whitewater": {
        "n": 102,
        "median": 2.9546666666666663
      },
      "Edgerton": {
        "n": 8,
        "median": 2.674666666666667
      },
      "Jefferson": {
        "n": 2,
        "median": 7.231666666666667
      },
      "Johnson Creek": {
        "n": 48,
        "median": 4.529166666666667
      },
      "Waterloo": {
        "n": 60,
        "median": 3.3071666666666664
      },
      "Ixonia": {
        "n": 13,
        "median": 2.9848333333333343
      },
      "Cambridge": {
        "n": 2,
        "median": 2.732666666666666
      },
      "Western Lakes": {
        "n": 328,
        "median": 2.3016666666666667
      }
    }
  }
}